"0","hpg_reserve2 <- hpg_reserve %>%"
"0","  mutate(visit_date = date(visit_datetime)) %>%"
"0","  mutate(reserve_date = date(reserve_datetime)) "
"0","hpg_reserve$visit_datetime"
"1","   [1]"
"1"," 2016-01-01 11:00:00"
"1"," 2016-01-01 13:00:00"
"1"," 2016-01-01 16:00:00"
"1"," 2016-01-01 17:00:00"
"1"," 2016-01-01 17:00:00"
"1"," 2016-01-01 17:00:00"
"1","
"
"1","   [7]"
"1"," 2016-01-01 17:00:00"
"1"," 2016-01-01 17:00:00"
"1"," 2016-01-01 17:00:00"
"1"," 2016-01-01 17:00:00"
"1"," 2016-01-01 17:00:00"
"1"," 2016-01-01 17:00:00"
"1","
"
"1","  [13]"
"1"," 2016-01-01 17:00:00"
"1"," 2016-01-01 17:00:00"
"1"," 2016-01-01 17:00:00"
"1"," 2016-01-01 17:00:00"
"1"," 2016-01-01 17:00:00"
"1"," 2016-01-01 17:00:00"
"1","
"
"1","  [19]"
"1"," 2016-01-01 17:00:00"
"1"," 2016-01-01 17:00:00"
"1"," 2016-01-01 17:00:00"
"1"," 2016-01-01 17:00:00"
"1"," 2016-01-01 17:00:00"
"1"," 2016-01-01 17:00:00"
"1","
"
"1","  [25]"
"1"," 2016-01-01 17:00:00"
"1"," 2016-01-01 17:00:00"
"1"," 2016-01-01 17:00:00"
"1"," 2016-01-01 17:00:00"
"1"," 2016-01-01 17:00:00"
"1"," 2016-01-01 17:00:00"
"1","
"
"1","  [31]"
"1"," 2016-01-01 17:00:00"
"1"," 2016-01-01 17:00:00"
"1"," 2016-01-01 17:00:00"
"1"," 2016-01-01 17:00:00"
"1"," 2016-01-01 17:00:00"
"1"," 2016-01-01 18:00:00"
"1","
"
"1","  [37]"
"1"," 2016-01-01 18:00:00"
"1"," 2016-01-01 18:00:00"
"1"," 2016-01-01 18:00:00"
"1"," 2016-01-01 18:00:00"
"1"," 2016-01-01 18:00:00"
"1"," 2016-01-01 18:00:00"
"1","
"
"1","  [43]"
"1"," 2016-01-01 18:00:00"
"1"," 2016-01-01 18:00:00"
"1"," 2016-01-01 18:00:00"
"1"," 2016-01-01 18:00:00"
"1"," 2016-01-01 18:00:00"
"1"," 2016-01-01 18:00:00"
"1","
"
"1","  [49]"
"1"," 2016-01-01 18:00:00"
"1"," 2016-01-01 18:00:00"
"1"," 2016-01-01 18:00:00"
"1"," 2016-01-01 18:00:00"
"1"," 2016-01-01 18:00:00"
"1"," 2016-01-01 18:00:00"
"1","
"
"1","  [55]"
"1"," 2016-01-01 18:00:00"
"1"," 2016-01-01 18:00:00"
"1"," 2016-01-01 18:00:00"
"1"," 2016-01-01 18:00:00"
"1"," 2016-01-01 18:00:00"
"1"," 2016-01-01 18:00:00"
"1","
"
"1","  [61]"
"1"," 2016-01-01 18:00:00"
"1"," 2016-01-01 18:00:00"
"1"," 2016-01-01 18:00:00"
"1"," 2016-01-01 18:00:00"
"1"," 2016-01-01 18:00:00"
"1"," 2016-01-01 18:00:00"
"1","
"
"1","  [67]"
"1"," 2016-01-01 18:00:00"
"1"," 2016-01-01 18:00:00"
"1"," 2016-01-01 18:00:00"
"1"," 2016-01-01 18:00:00"
"1"," 2016-01-01 18:00:00"
"1"," 2016-01-01 18:00:00"
"1","
"
"1","  [73]"
"1"," 2016-01-01 18:00:00"
"1"," 2016-01-01 18:00:00"
"1"," 2016-01-01 18:00:00"
"1"," 2016-01-01 18:00:00"
"1"," 2016-01-01 18:00:00"
"1"," 2016-01-01 18:00:00"
"1","
"
"1","  [79]"
"1"," 2016-01-01 18:00:00"
"1"," 2016-01-01 19:00:00"
"1"," 2016-01-01 19:00:00"
"1"," 2016-01-01 19:00:00"
"1"," 2016-01-01 19:00:00"
"1"," 2016-01-01 19:00:00"
"1","
"
"1","  [85]"
"1"," 2016-01-01 19:00:00"
"1"," 2016-01-01 19:00:00"
"1"," 2016-01-01 19:00:00"
"1"," 2016-01-01 19:00:00"
"1"," 2016-01-01 19:00:00"
"1"," 2016-01-01 19:00:00"
"1","
"
"1","  [91]"
"1"," 2016-01-01 19:00:00"
"1"," 2016-01-01 19:00:00"
"1"," 2016-01-01 19:00:00"
"1"," 2016-01-01 19:00:00"
"1"," 2016-01-01 19:00:00"
"1"," 2016-01-01 19:00:00"
"1","
"
"1","  [97]"
"1"," 2016-01-01 19:00:00"
"1"," 2016-01-01 19:00:00"
"1"," 2016-01-01 19:00:00"
"1"," 2016-01-01 19:00:00"
"1"," 2016-01-01 19:00:00"
"1"," 2016-01-01 19:00:00"
"1","
"
"1"," [103]"
"1"," 2016-01-01 19:00:00"
"1"," 2016-01-01 19:00:00"
"1"," 2016-01-01 19:00:00"
"1"," 2016-01-01 19:00:00"
"1"," 2016-01-01 19:00:00"
"1"," 2016-01-01 19:00:00"
"1","
"
"1"," [109]"
"1"," 2016-01-01 19:00:00"
"1"," 2016-01-01 19:00:00"
"1"," 2016-01-01 19:00:00"
"1"," 2016-01-01 19:00:00"
"1"," 2016-01-01 19:00:00"
"1"," 2016-01-01 19:00:00"
"1","
"
"1"," [115]"
"1"," 2016-01-01 19:00:00"
"1"," 2016-01-01 19:00:00"
"1"," 2016-01-01 19:00:00"
"1"," 2016-01-01 19:00:00"
"1"," 2016-01-01 19:00:00"
"1"," 2016-01-01 19:00:00"
"1","
"
"1"," [121]"
"1"," 2016-01-01 19:00:00"
"1"," 2016-01-01 19:00:00"
"1"," 2016-01-01 19:00:00"
"1"," 2016-01-01 19:00:00"
"1"," 2016-01-01 19:00:00"
"1"," 2016-01-01 19:00:00"
"1","
"
"1"," [127]"
"1"," 2016-01-01 19:00:00"
"1"," 2016-01-01 19:00:00"
"1"," 2016-01-01 19:00:00"
"1"," 2016-01-01 19:00:00"
"1"," 2016-01-01 20:00:00"
"1"," 2016-01-01 20:00:00"
"1","
"
"1"," [133]"
"1"," 2016-01-01 20:00:00"
"1"," 2016-01-01 20:00:00"
"1"," 2016-01-01 20:00:00"
"1"," 2016-01-01 20:00:00"
"1"," 2016-01-01 20:00:00"
"1"," 2016-01-01 20:00:00"
"1","
"
"1"," [139]"
"1"," 2016-01-01 20:00:00"
"1"," 2016-01-01 20:00:00"
"1"," 2016-01-01 20:00:00"
"1"," 2016-01-01 20:00:00"
"1"," 2016-01-01 20:00:00"
"1"," 2016-01-01 20:00:00"
"1","
"
"1"," [145]"
"1"," 2016-01-01 20:00:00"
"1"," 2016-01-01 21:00:00"
"1"," 2016-01-01 21:00:00"
"1"," 2016-01-01 21:00:00"
"1"," 2016-01-01 22:00:00"
"1"," 2016-01-01 22:00:00"
"1","
"
"1"," [151]"
"1"," 2016-01-01 22:00:00"
"1"," 2016-01-01 22:00:00"
"1"," 2016-01-02 10:00:00"
"1"," 2016-01-02 11:00:00"
"1"," 2016-01-02 11:00:00"
"1"," 2016-01-02 11:00:00"
"1","
"
"1"," [157]"
"1"," 2016-01-02 11:00:00"
"1"," 2016-01-02 11:00:00"
"1"," 2016-01-02 11:00:00"
"1"," 2016-01-02 11:00:00"
"1"," 2016-01-02 11:00:00"
"1"," 2016-01-02 11:00:00"
"1","
"
"1"," [163]"
"1"," 2016-01-02 11:00:00"
"1"," 2016-01-02 12:00:00"
"1"," 2016-01-02 12:00:00"
"1"," 2016-01-02 12:00:00"
"1"," 2016-01-02 12:00:00"
"1"," 2016-01-02 12:00:00"
"1","
"
"1"," [169]"
"1"," 2016-01-02 12:00:00"
"1"," 2016-01-02 12:00:00"
"1"," 2016-01-02 12:00:00"
"1"," 2016-01-02 12:00:00"
"1"," 2016-01-02 12:00:00"
"1"," 2016-01-02 12:00:00"
"1","
"
"1"," [175]"
"1"," 2016-01-02 12:00:00"
"1"," 2016-01-02 12:00:00"
"1"," 2016-01-02 12:00:00"
"1"," 2016-01-02 12:00:00"
"1"," 2016-01-02 12:00:00"
"1"," 2016-01-02 12:00:00"
"1","
"
"1"," [181]"
"1"," 2016-01-02 12:00:00"
"1"," 2016-01-02 12:00:00"
"1"," 2016-01-02 12:00:00"
"1"," 2016-01-02 13:00:00"
"1"," 2016-01-02 13:00:00"
"1"," 2016-01-02 13:00:00"
"1","
"
"1"," [187]"
"1"," 2016-01-02 13:00:00"
"1"," 2016-01-02 13:00:00"
"1"," 2016-01-02 13:00:00"
"1"," 2016-01-02 13:00:00"
"1"," 2016-01-02 13:00:00"
"1"," 2016-01-02 13:00:00"
"1","
"
"1"," [193]"
"1"," 2016-01-02 13:00:00"
"1"," 2016-01-02 14:00:00"
"1"," 2016-01-02 14:00:00"
"1"," 2016-01-02 14:00:00"
"1"," 2016-01-02 14:00:00"
"1"," 2016-01-02 14:00:00"
"1","
"
"1"," [199]"
"1"," 2016-01-02 15:00:00"
"1"," 2016-01-02 15:00:00"
"1"," 2016-01-02 15:00:00"
"1"," 2016-01-02 16:00:00"
"1"," 2016-01-02 16:00:00"
"1"," 2016-01-02 16:00:00"
"1","
"
"1"," [205]"
"1"," 2016-01-02 16:00:00"
"1"," 2016-01-02 16:00:00"
"1"," 2016-01-02 17:00:00"
"1"," 2016-01-02 17:00:00"
"1"," 2016-01-02 17:00:00"
"1"," 2016-01-02 17:00:00"
"1","
"
"1"," [211]"
"1"," 2016-01-02 17:00:00"
"1"," 2016-01-02 17:00:00"
"1"," 2016-01-02 17:00:00"
"1"," 2016-01-02 17:00:00"
"1"," 2016-01-02 17:00:00"
"1"," 2016-01-02 17:00:00"
"1","
"
"1"," [217]"
"1"," 2016-01-02 17:00:00"
"1"," 2016-01-02 17:00:00"
"1"," 2016-01-02 17:00:00"
"1"," 2016-01-02 17:00:00"
"1"," 2016-01-02 17:00:00"
"1"," 2016-01-02 17:00:00"
"1","
"
"1"," [223]"
"1"," 2016-01-02 17:00:00"
"1"," 2016-01-02 17:00:00"
"1"," 2016-01-02 17:00:00"
"1"," 2016-01-02 17:00:00"
"1"," 2016-01-02 17:00:00"
"1"," 2016-01-02 17:00:00"
"1","
"
"1"," [229]"
"1"," 2016-01-02 17:00:00"
"1"," 2016-01-02 17:00:00"
"1"," 2016-01-02 17:00:00"
"1"," 2016-01-02 17:00:00"
"1"," 2016-01-02 17:00:00"
"1"," 2016-01-02 17:00:00"
"1","
"
"1"," [235]"
"1"," 2016-01-02 17:00:00"
"1"," 2016-01-02 17:00:00"
"1"," 2016-01-02 17:00:00"
"1"," 2016-01-02 17:00:00"
"1"," 2016-01-02 17:00:00"
"1"," 2016-01-02 17:00:00"
"1","
"
"1"," [241]"
"1"," 2016-01-02 17:00:00"
"1"," 2016-01-02 17:00:00"
"1"," 2016-01-02 17:00:00"
"1"," 2016-01-02 17:00:00"
"1"," 2016-01-02 17:00:00"
"1"," 2016-01-02 17:00:00"
"1","
"
"1"," [247]"
"1"," 2016-01-02 17:00:00"
"1"," 2016-01-02 17:00:00"
"1"," 2016-01-02 17:00:00"
"1"," 2016-01-02 17:00:00"
"1"," 2016-01-02 17:00:00"
"1"," 2016-01-02 17:00:00"
"1","
"
"1"," [253]"
"1"," 2016-01-02 17:00:00"
"1"," 2016-01-02 17:00:00"
"1"," 2016-01-02 17:00:00"
"1"," 2016-01-02 17:00:00"
"1"," 2016-01-02 17:00:00"
"1"," 2016-01-02 17:00:00"
"1","
"
"1"," [259]"
"1"," 2016-01-02 17:00:00"
"1"," 2016-01-02 17:00:00"
"1"," 2016-01-02 17:00:00"
"1"," 2016-01-02 17:00:00"
"1"," 2016-01-02 17:00:00"
"1"," 2016-01-02 17:00:00"
"1","
"
"1"," [265]"
"1"," 2016-01-02 17:00:00"
"1"," 2016-01-02 17:00:00"
"1"," 2016-01-02 17:00:00"
"1"," 2016-01-02 17:00:00"
"1"," 2016-01-02 17:00:00"
"1"," 2016-01-02 17:00:00"
"1","
"
"1"," [271]"
"1"," 2016-01-02 17:00:00"
"1"," 2016-01-02 17:00:00"
"1"," 2016-01-02 17:00:00"
"1"," 2016-01-02 17:00:00"
"1"," 2016-01-02 17:00:00"
"1"," 2016-01-02 17:00:00"
"1","
"
"1"," [277]"
"1"," 2016-01-02 17:00:00"
"1"," 2016-01-02 17:00:00"
"1"," 2016-01-02 17:00:00"
"1"," 2016-01-02 17:00:00"
"1"," 2016-01-02 17:00:00"
"1"," 2016-01-02 17:00:00"
"1","
"
"1"," [283]"
"1"," 2016-01-02 17:00:00"
"1"," 2016-01-02 17:00:00"
"1"," 2016-01-02 17:00:00"
"1"," 2016-01-02 17:00:00"
"1"," 2016-01-02 17:00:00"
"1"," 2016-01-02 17:00:00"
"1","
"
"1"," [289]"
"1"," 2016-01-02 17:00:00"
"1"," 2016-01-02 17:00:00"
"1"," 2016-01-02 17:00:00"
"1"," 2016-01-02 17:00:00"
"1"," 2016-01-02 17:00:00"
"1"," 2016-01-02 17:00:00"
"1","
"
"1"," [295]"
"1"," 2016-01-02 17:00:00"
"1"," 2016-01-02 17:00:00"
"1"," 2016-01-02 17:00:00"
"1"," 2016-01-02 17:00:00"
"1"," 2016-01-02 17:00:00"
"1"," 2016-01-02 18:00:00"
"1","
"
"1"," [301]"
"1"," 2016-01-02 18:00:00"
"1"," 2016-01-02 18:00:00"
"1"," 2016-01-02 18:00:00"
"1"," 2016-01-02 18:00:00"
"1"," 2016-01-02 18:00:00"
"1"," 2016-01-02 18:00:00"
"1","
"
"1"," [307]"
"1"," 2016-01-02 18:00:00"
"1"," 2016-01-02 18:00:00"
"1"," 2016-01-02 18:00:00"
"1"," 2016-01-02 18:00:00"
"1"," 2016-01-02 18:00:00"
"1"," 2016-01-02 18:00:00"
"1","
"
"1"," [313]"
"1"," 2016-01-02 18:00:00"
"1"," 2016-01-02 18:00:00"
"1"," 2016-01-02 18:00:00"
"1"," 2016-01-02 18:00:00"
"1"," 2016-01-02 18:00:00"
"1"," 2016-01-02 18:00:00"
"1","
"
"1"," [319]"
"1"," 2016-01-02 18:00:00"
"1"," 2016-01-02 18:00:00"
"1"," 2016-01-02 18:00:00"
"1"," 2016-01-02 18:00:00"
"1"," 2016-01-02 18:00:00"
"1"," 2016-01-02 18:00:00"
"1","
"
"1"," [325]"
"1"," 2016-01-02 18:00:00"
"1"," 2016-01-02 18:00:00"
"1"," 2016-01-02 18:00:00"
"1"," 2016-01-02 18:00:00"
"1"," 2016-01-02 18:00:00"
"1"," 2016-01-02 18:00:00"
"1","
"
"1"," [331]"
"1"," 2016-01-02 18:00:00"
"1"," 2016-01-02 18:00:00"
"1"," 2016-01-02 18:00:00"
"1"," 2016-01-02 18:00:00"
"1"," 2016-01-02 18:00:00"
"1"," 2016-01-02 18:00:00"
"1","
"
"1"," [337]"
"1"," 2016-01-02 18:00:00"
"1"," 2016-01-02 18:00:00"
"1"," 2016-01-02 18:00:00"
"1"," 2016-01-02 18:00:00"
"1"," 2016-01-02 18:00:00"
"1"," 2016-01-02 18:00:00"
"1","
"
"1"," [343]"
"1"," 2016-01-02 18:00:00"
"1"," 2016-01-02 18:00:00"
"1"," 2016-01-02 18:00:00"
"1"," 2016-01-02 18:00:00"
"1"," 2016-01-02 18:00:00"
"1"," 2016-01-02 18:00:00"
"1","
"
"1"," [349]"
"1"," 2016-01-02 18:00:00"
"1"," 2016-01-02 18:00:00"
"1"," 2016-01-02 18:00:00"
"1"," 2016-01-02 18:00:00"
"1"," 2016-01-02 18:00:00"
"1"," 2016-01-02 18:00:00"
"1","
"
"1"," [355]"
"1"," 2016-01-02 18:00:00"
"1"," 2016-01-02 18:00:00"
"1"," 2016-01-02 18:00:00"
"1"," 2016-01-02 18:00:00"
"1"," 2016-01-02 18:00:00"
"1"," 2016-01-02 18:00:00"
"1","
"
"1"," [361]"
"1"," 2016-01-02 18:00:00"
"1"," 2016-01-02 18:00:00"
"1"," 2016-01-02 18:00:00"
"1"," 2016-01-02 18:00:00"
"1"," 2016-01-02 18:00:00"
"1"," 2016-01-02 18:00:00"
"1","
"
"1"," [367]"
"1"," 2016-01-02 18:00:00"
"1"," 2016-01-02 18:00:00"
"1"," 2016-01-02 18:00:00"
"1"," 2016-01-02 18:00:00"
"1"," 2016-01-02 18:00:00"
"1"," 2016-01-02 18:00:00"
"1","
"
"1"," [373]"
"1"," 2016-01-02 18:00:00"
"1"," 2016-01-02 18:00:00"
"1"," 2016-01-02 18:00:00"
"1"," 2016-01-02 18:00:00"
"1"," 2016-01-02 18:00:00"
"1"," 2016-01-02 18:00:00"
"1","
"
"1"," [379]"
"1"," 2016-01-02 18:00:00"
"1"," 2016-01-02 18:00:00"
"1"," 2016-01-02 18:00:00"
"1"," 2016-01-02 18:00:00"
"1"," 2016-01-02 18:00:00"
"1"," 2016-01-02 18:00:00"
"1","
"
"1"," [385]"
"1"," 2016-01-02 18:00:00"
"1"," 2016-01-02 18:00:00"
"1"," 2016-01-02 18:00:00"
"1"," 2016-01-02 18:00:00"
"1"," 2016-01-02 18:00:00"
"1"," 2016-01-02 18:00:00"
"1","
"
"1"," [391]"
"1"," 2016-01-02 18:00:00"
"1"," 2016-01-02 18:00:00"
"1"," 2016-01-02 18:00:00"
"1"," 2016-01-02 18:00:00"
"1"," 2016-01-02 18:00:00"
"1"," 2016-01-02 18:00:00"
"1","
"
"1"," [397]"
"1"," 2016-01-02 18:00:00"
"1"," 2016-01-02 18:00:00"
"1"," 2016-01-02 18:00:00"
"1"," 2016-01-02 18:00:00"
"1"," 2016-01-02 18:00:00"
"1"," 2016-01-02 18:00:00"
"1","
"
"1"," [403]"
"1"," 2016-01-02 18:00:00"
"1"," 2016-01-02 18:00:00"
"1"," 2016-01-02 18:00:00"
"1"," 2016-01-02 18:00:00"
"1"," 2016-01-02 18:00:00"
"1"," 2016-01-02 18:00:00"
"1","
"
"1"," [409]"
"1"," 2016-01-02 18:00:00"
"1"," 2016-01-02 18:00:00"
"1"," 2016-01-02 18:00:00"
"1"," 2016-01-02 18:00:00"
"1"," 2016-01-02 18:00:00"
"1"," 2016-01-02 18:00:00"
"1","
"
"1"," [415]"
"1"," 2016-01-02 18:00:00"
"1"," 2016-01-02 18:00:00"
"1"," 2016-01-02 18:00:00"
"1"," 2016-01-02 18:00:00"
"1"," 2016-01-02 18:00:00"
"1"," 2016-01-02 18:00:00"
"1","
"
"1"," [421]"
"1"," 2016-01-02 18:00:00"
"1"," 2016-01-02 18:00:00"
"1"," 2016-01-02 18:00:00"
"1"," 2016-01-02 18:00:00"
"1"," 2016-01-02 18:00:00"
"1"," 2016-01-02 18:00:00"
"1","
"
"1"," [427]"
"1"," 2016-01-02 18:00:00"
"1"," 2016-01-02 18:00:00"
"1"," 2016-01-02 18:00:00"
"1"," 2016-01-02 18:00:00"
"1"," 2016-01-02 18:00:00"
"1"," 2016-01-02 18:00:00"
"1","
"
"1"," [433]"
"1"," 2016-01-02 18:00:00"
"1"," 2016-01-02 18:00:00"
"1"," 2016-01-02 18:00:00"
"1"," 2016-01-02 18:00:00"
"1"," 2016-01-02 18:00:00"
"1"," 2016-01-02 18:00:00"
"1","
"
"1"," [439]"
"1"," 2016-01-02 18:00:00"
"1"," 2016-01-02 18:00:00"
"1"," 2016-01-02 18:00:00"
"1"," 2016-01-02 18:00:00"
"1"," 2016-01-02 18:00:00"
"1"," 2016-01-02 18:00:00"
"1","
"
"1"," [445]"
"1"," 2016-01-02 18:00:00"
"1"," 2016-01-02 18:00:00"
"1"," 2016-01-02 18:00:00"
"1"," 2016-01-02 18:00:00"
"1"," 2016-01-02 18:00:00"
"1"," 2016-01-02 18:00:00"
"1","
"
"1"," [451]"
"1"," 2016-01-02 18:00:00"
"1"," 2016-01-02 18:00:00"
"1"," 2016-01-02 18:00:00"
"1"," 2016-01-02 18:00:00"
"1"," 2016-01-02 18:00:00"
"1"," 2016-01-02 18:00:00"
"1","
"
"1"," [457]"
"1"," 2016-01-02 18:00:00"
"1"," 2016-01-02 18:00:00"
"1"," 2016-01-02 18:00:00"
"1"," 2016-01-02 18:00:00"
"1"," 2016-01-02 18:00:00"
"1"," 2016-01-02 18:00:00"
"1","
"
"1"," [463]"
"1"," 2016-01-02 18:00:00"
"1"," 2016-01-02 18:00:00"
"1"," 2016-01-02 18:00:00"
"1"," 2016-01-02 18:00:00"
"1"," 2016-01-02 18:00:00"
"1"," 2016-01-02 18:00:00"
"1","
"
"1"," [469]"
"1"," 2016-01-02 18:00:00"
"1"," 2016-01-02 18:00:00"
"1"," 2016-01-02 18:00:00"
"1"," 2016-01-02 18:00:00"
"1"," 2016-01-02 18:00:00"
"1"," 2016-01-02 18:00:00"
"1","
"
"1"," [475]"
"1"," 2016-01-02 18:00:00"
"1"," 2016-01-02 18:00:00"
"1"," 2016-01-02 18:00:00"
"1"," 2016-01-02 18:00:00"
"1"," 2016-01-02 18:00:00"
"1"," 2016-01-02 18:00:00"
"1","
"
"1"," [481]"
"1"," 2016-01-02 18:00:00"
"1"," 2016-01-02 18:00:00"
"1"," 2016-01-02 18:00:00"
"1"," 2016-01-02 18:00:00"
"1"," 2016-01-02 18:00:00"
"1"," 2016-01-02 18:00:00"
"1","
"
"1"," [487]"
"1"," 2016-01-02 18:00:00"
"1"," 2016-01-02 18:00:00"
"1"," 2016-01-02 18:00:00"
"1"," 2016-01-02 18:00:00"
"1"," 2016-01-02 18:00:00"
"1"," 2016-01-02 18:00:00"
"1","
"
"1"," [493]"
"1"," 2016-01-02 18:00:00"
"1"," 2016-01-02 18:00:00"
"1"," 2016-01-02 18:00:00"
"1"," 2016-01-02 18:00:00"
"1"," 2016-01-02 18:00:00"
"1"," 2016-01-02 18:00:00"
"1","
"
"1"," [499]"
"1"," 2016-01-02 18:00:00"
"1"," 2016-01-02 18:00:00"
"1"," 2016-01-02 18:00:00"
"1"," 2016-01-02 18:00:00"
"1"," 2016-01-02 18:00:00"
"1"," 2016-01-02 18:00:00"
"1","
"
"1"," [505]"
"1"," 2016-01-02 18:00:00"
"1"," 2016-01-02 18:00:00"
"1"," 2016-01-02 18:00:00"
"1"," 2016-01-02 18:00:00"
"1"," 2016-01-02 18:00:00"
"1"," 2016-01-02 18:00:00"
"1","
"
"1"," [511]"
"1"," 2016-01-02 18:00:00"
"1"," 2016-01-02 18:00:00"
"1"," 2016-01-02 18:00:00"
"1"," 2016-01-02 18:00:00"
"1"," 2016-01-02 18:00:00"
"1"," 2016-01-02 18:00:00"
"1","
"
"1"," [517]"
"1"," 2016-01-02 18:00:00"
"1"," 2016-01-02 18:00:00"
"1"," 2016-01-02 18:00:00"
"1"," 2016-01-02 18:00:00"
"1"," 2016-01-02 18:00:00"
"1"," 2016-01-02 18:00:00"
"1","
"
"1"," [523]"
"1"," 2016-01-02 18:00:00"
"1"," 2016-01-02 18:00:00"
"1"," 2016-01-02 18:00:00"
"1"," 2016-01-02 18:00:00"
"1"," 2016-01-02 18:00:00"
"1"," 2016-01-02 18:00:00"
"1","
"
"1"," [529]"
"1"," 2016-01-02 18:00:00"
"1"," 2016-01-02 18:00:00"
"1"," 2016-01-02 18:00:00"
"1"," 2016-01-02 18:00:00"
"1"," 2016-01-02 18:00:00"
"1"," 2016-01-02 18:00:00"
"1","
"
"1"," [535]"
"1"," 2016-01-02 18:00:00"
"1"," 2016-01-02 18:00:00"
"1"," 2016-01-02 18:00:00"
"1"," 2016-01-02 18:00:00"
"1"," 2016-01-02 18:00:00"
"1"," 2016-01-02 18:00:00"
"1","
"
"1"," [541]"
"1"," 2016-01-02 18:00:00"
"1"," 2016-01-02 18:00:00"
"1"," 2016-01-02 18:00:00"
"1"," 2016-01-02 18:00:00"
"1"," 2016-01-02 18:00:00"
"1"," 2016-01-02 18:00:00"
"1","
"
"1"," [547]"
"1"," 2016-01-02 18:00:00"
"1"," 2016-01-02 18:00:00"
"1"," 2016-01-02 18:00:00"
"1"," 2016-01-02 18:00:00"
"1"," 2016-01-02 18:00:00"
"1"," 2016-01-02 18:00:00"
"1","
"
"1"," [553]"
"1"," 2016-01-02 18:00:00"
"1"," 2016-01-02 18:00:00"
"1"," 2016-01-02 18:00:00"
"1"," 2016-01-02 18:00:00"
"1"," 2016-01-02 18:00:00"
"1"," 2016-01-02 18:00:00"
"1","
"
"1"," [559]"
"1"," 2016-01-02 18:00:00"
"1"," 2016-01-02 18:00:00"
"1"," 2016-01-02 18:00:00"
"1"," 2016-01-02 18:00:00"
"1"," 2016-01-02 18:00:00"
"1"," 2016-01-02 18:00:00"
"1","
"
"1"," [565]"
"1"," 2016-01-02 18:00:00"
"1"," 2016-01-02 18:00:00"
"1"," 2016-01-02 18:00:00"
"1"," 2016-01-02 18:00:00"
"1"," 2016-01-02 18:00:00"
"1"," 2016-01-02 18:00:00"
"1","
"
"1"," [571]"
"1"," 2016-01-02 18:00:00"
"1"," 2016-01-02 18:00:00"
"1"," 2016-01-02 18:00:00"
"1"," 2016-01-02 18:00:00"
"1"," 2016-01-02 18:00:00"
"1"," 2016-01-02 18:00:00"
"1","
"
"1"," [577]"
"1"," 2016-01-02 18:00:00"
"1"," 2016-01-02 18:00:00"
"1"," 2016-01-02 18:00:00"
"1"," 2016-01-02 18:00:00"
"1"," 2016-01-02 18:00:00"
"1"," 2016-01-02 18:00:00"
"1","
"
"1"," [583]"
"1"," 2016-01-02 18:00:00"
"1"," 2016-01-02 18:00:00"
"1"," 2016-01-02 18:00:00"
"1"," 2016-01-02 18:00:00"
"1"," 2016-01-02 18:00:00"
"1"," 2016-01-02 18:00:00"
"1","
"
"1"," [589]"
"1"," 2016-01-02 18:00:00"
"1"," 2016-01-02 18:00:00"
"1"," 2016-01-02 18:00:00"
"1"," 2016-01-02 18:00:00"
"1"," 2016-01-02 18:00:00"
"1"," 2016-01-02 19:00:00"
"1","
"
"1"," [595]"
"1"," 2016-01-02 19:00:00"
"1"," 2016-01-02 19:00:00"
"1"," 2016-01-02 19:00:00"
"1"," 2016-01-02 19:00:00"
"1"," 2016-01-02 19:00:00"
"1"," 2016-01-02 19:00:00"
"1","
"
"1"," [601]"
"1"," 2016-01-02 19:00:00"
"1"," 2016-01-02 19:00:00"
"1"," 2016-01-02 19:00:00"
"1"," 2016-01-02 19:00:00"
"1"," 2016-01-02 19:00:00"
"1"," 2016-01-02 19:00:00"
"1","
"
"1"," [607]"
"1"," 2016-01-02 19:00:00"
"1"," 2016-01-02 19:00:00"
"1"," 2016-01-02 19:00:00"
"1"," 2016-01-02 19:00:00"
"1"," 2016-01-02 19:00:00"
"1"," 2016-01-02 19:00:00"
"1","
"
"1"," [613]"
"1"," 2016-01-02 19:00:00"
"1"," 2016-01-02 19:00:00"
"1"," 2016-01-02 19:00:00"
"1"," 2016-01-02 19:00:00"
"1"," 2016-01-02 19:00:00"
"1"," 2016-01-02 19:00:00"
"1","
"
"1"," [619]"
"1"," 2016-01-02 19:00:00"
"1"," 2016-01-02 19:00:00"
"1"," 2016-01-02 19:00:00"
"1"," 2016-01-02 19:00:00"
"1"," 2016-01-02 19:00:00"
"1"," 2016-01-02 19:00:00"
"1","
"
"1"," [625]"
"1"," 2016-01-02 19:00:00"
"1"," 2016-01-02 19:00:00"
"1"," 2016-01-02 19:00:00"
"1"," 2016-01-02 19:00:00"
"1"," 2016-01-02 19:00:00"
"1"," 2016-01-02 19:00:00"
"1","
"
"1"," [631]"
"1"," 2016-01-02 19:00:00"
"1"," 2016-01-02 19:00:00"
"1"," 2016-01-02 19:00:00"
"1"," 2016-01-02 19:00:00"
"1"," 2016-01-02 19:00:00"
"1"," 2016-01-02 19:00:00"
"1","
"
"1"," [637]"
"1"," 2016-01-02 19:00:00"
"1"," 2016-01-02 19:00:00"
"1"," 2016-01-02 19:00:00"
"1"," 2016-01-02 19:00:00"
"1"," 2016-01-02 19:00:00"
"1"," 2016-01-02 19:00:00"
"1","
"
"1"," [643]"
"1"," 2016-01-02 19:00:00"
"1"," 2016-01-02 19:00:00"
"1"," 2016-01-02 19:00:00"
"1"," 2016-01-02 19:00:00"
"1"," 2016-01-02 19:00:00"
"1"," 2016-01-02 19:00:00"
"1","
"
"1"," [649]"
"1"," 2016-01-02 19:00:00"
"1"," 2016-01-02 19:00:00"
"1"," 2016-01-02 19:00:00"
"1"," 2016-01-02 19:00:00"
"1"," 2016-01-02 19:00:00"
"1"," 2016-01-02 19:00:00"
"1","
"
"1"," [655]"
"1"," 2016-01-02 19:00:00"
"1"," 2016-01-02 19:00:00"
"1"," 2016-01-02 19:00:00"
"1"," 2016-01-02 19:00:00"
"1"," 2016-01-02 19:00:00"
"1"," 2016-01-02 19:00:00"
"1","
"
"1"," [661]"
"1"," 2016-01-02 19:00:00"
"1"," 2016-01-02 19:00:00"
"1"," 2016-01-02 19:00:00"
"1"," 2016-01-02 19:00:00"
"1"," 2016-01-02 19:00:00"
"1"," 2016-01-02 19:00:00"
"1","
"
"1"," [667]"
"1"," 2016-01-02 19:00:00"
"1"," 2016-01-02 19:00:00"
"1"," 2016-01-02 19:00:00"
"1"," 2016-01-02 19:00:00"
"1"," 2016-01-02 19:00:00"
"1"," 2016-01-02 19:00:00"
"1","
"
"1"," [673]"
"1"," 2016-01-02 19:00:00"
"1"," 2016-01-02 19:00:00"
"1"," 2016-01-02 19:00:00"
"1"," 2016-01-02 19:00:00"
"1"," 2016-01-02 19:00:00"
"1"," 2016-01-02 19:00:00"
"1","
"
"1"," [679]"
"1"," 2016-01-02 19:00:00"
"1"," 2016-01-02 19:00:00"
"1"," 2016-01-02 19:00:00"
"1"," 2016-01-02 19:00:00"
"1"," 2016-01-02 19:00:00"
"1"," 2016-01-02 19:00:00"
"1","
"
"1"," [685]"
"1"," 2016-01-02 19:00:00"
"1"," 2016-01-02 19:00:00"
"1"," 2016-01-02 19:00:00"
"1"," 2016-01-02 19:00:00"
"1"," 2016-01-02 19:00:00"
"1"," 2016-01-02 19:00:00"
"1","
"
"1"," [691]"
"1"," 2016-01-02 19:00:00"
"1"," 2016-01-02 19:00:00"
"1"," 2016-01-02 19:00:00"
"1"," 2016-01-02 19:00:00"
"1"," 2016-01-02 19:00:00"
"1"," 2016-01-02 19:00:00"
"1","
"
"1"," [697]"
"1"," 2016-01-02 19:00:00"
"1"," 2016-01-02 19:00:00"
"1"," 2016-01-02 19:00:00"
"1"," 2016-01-02 19:00:00"
"1"," 2016-01-02 19:00:00"
"1"," 2016-01-02 19:00:00"
"1","
"
"1"," [703]"
"1"," 2016-01-02 19:00:00"
"1"," 2016-01-02 19:00:00"
"1"," 2016-01-02 19:00:00"
"1"," 2016-01-02 19:00:00"
"1"," 2016-01-02 19:00:00"
"1"," 2016-01-02 19:00:00"
"1","
"
"1"," [709]"
"1"," 2016-01-02 19:00:00"
"1"," 2016-01-02 19:00:00"
"1"," 2016-01-02 19:00:00"
"1"," 2016-01-02 19:00:00"
"1"," 2016-01-02 19:00:00"
"1"," 2016-01-02 19:00:00"
"1","
"
"1"," [715]"
"1"," 2016-01-02 19:00:00"
"1"," 2016-01-02 19:00:00"
"1"," 2016-01-02 19:00:00"
"1"," 2016-01-02 19:00:00"
"1"," 2016-01-02 19:00:00"
"1"," 2016-01-02 19:00:00"
"1","
"
"1"," [721]"
"1"," 2016-01-02 19:00:00"
"1"," 2016-01-02 19:00:00"
"1"," 2016-01-02 19:00:00"
"1"," 2016-01-02 19:00:00"
"1"," 2016-01-02 19:00:00"
"1"," 2016-01-02 19:00:00"
"1","
"
"1"," [727]"
"1"," 2016-01-02 19:00:00"
"1"," 2016-01-02 19:00:00"
"1"," 2016-01-02 19:00:00"
"1"," 2016-01-02 19:00:00"
"1"," 2016-01-02 19:00:00"
"1"," 2016-01-02 19:00:00"
"1","
"
"1"," [733]"
"1"," 2016-01-02 19:00:00"
"1"," 2016-01-02 19:00:00"
"1"," 2016-01-02 19:00:00"
"1"," 2016-01-02 19:00:00"
"1"," 2016-01-02 19:00:00"
"1"," 2016-01-02 19:00:00"
"1","
"
"1"," [739]"
"1"," 2016-01-02 19:00:00"
"1"," 2016-01-02 19:00:00"
"1"," 2016-01-02 19:00:00"
"1"," 2016-01-02 19:00:00"
"1"," 2016-01-02 19:00:00"
"1"," 2016-01-02 19:00:00"
"1","
"
"1"," [745]"
"1"," 2016-01-02 19:00:00"
"1"," 2016-01-02 19:00:00"
"1"," 2016-01-02 19:00:00"
"1"," 2016-01-02 19:00:00"
"1"," 2016-01-02 19:00:00"
"1"," 2016-01-02 19:00:00"
"1","
"
"1"," [751]"
"1"," 2016-01-02 19:00:00"
"1"," 2016-01-02 19:00:00"
"1"," 2016-01-02 19:00:00"
"1"," 2016-01-02 19:00:00"
"1"," 2016-01-02 19:00:00"
"1"," 2016-01-02 19:00:00"
"1","
"
"1"," [757]"
"1"," 2016-01-02 19:00:00"
"1"," 2016-01-02 19:00:00"
"1"," 2016-01-02 19:00:00"
"1"," 2016-01-02 19:00:00"
"1"," 2016-01-02 19:00:00"
"1"," 2016-01-02 19:00:00"
"1","
"
"1"," [763]"
"1"," 2016-01-02 19:00:00"
"1"," 2016-01-02 19:00:00"
"1"," 2016-01-02 19:00:00"
"1"," 2016-01-02 19:00:00"
"1"," 2016-01-02 19:00:00"
"1"," 2016-01-02 19:00:00"
"1","
"
"1"," [769]"
"1"," 2016-01-02 19:00:00"
"1"," 2016-01-02 19:00:00"
"1"," 2016-01-02 19:00:00"
"1"," 2016-01-02 19:00:00"
"1"," 2016-01-02 19:00:00"
"1"," 2016-01-02 19:00:00"
"1","
"
"1"," [775]"
"1"," 2016-01-02 19:00:00"
"1"," 2016-01-02 19:00:00"
"1"," 2016-01-02 19:00:00"
"1"," 2016-01-02 19:00:00"
"1"," 2016-01-02 19:00:00"
"1"," 2016-01-02 19:00:00"
"1","
"
"1"," [781]"
"1"," 2016-01-02 19:00:00"
"1"," 2016-01-02 19:00:00"
"1"," 2016-01-02 19:00:00"
"1"," 2016-01-02 19:00:00"
"1"," 2016-01-02 19:00:00"
"1"," 2016-01-02 19:00:00"
"1","
"
"1"," [787]"
"1"," 2016-01-02 19:00:00"
"1"," 2016-01-02 19:00:00"
"1"," 2016-01-02 19:00:00"
"1"," 2016-01-02 19:00:00"
"1"," 2016-01-02 19:00:00"
"1"," 2016-01-02 19:00:00"
"1","
"
"1"," [793]"
"1"," 2016-01-02 19:00:00"
"1"," 2016-01-02 19:00:00"
"1"," 2016-01-02 19:00:00"
"1"," 2016-01-02 19:00:00"
"1"," 2016-01-02 19:00:00"
"1"," 2016-01-02 19:00:00"
"1","
"
"1"," [799]"
"1"," 2016-01-02 19:00:00"
"1"," 2016-01-02 19:00:00"
"1"," 2016-01-02 19:00:00"
"1"," 2016-01-02 19:00:00"
"1"," 2016-01-02 19:00:00"
"1"," 2016-01-02 19:00:00"
"1","
"
"1"," [805]"
"1"," 2016-01-02 19:00:00"
"1"," 2016-01-02 19:00:00"
"1"," 2016-01-02 19:00:00"
"1"," 2016-01-02 19:00:00"
"1"," 2016-01-02 19:00:00"
"1"," 2016-01-02 19:00:00"
"1","
"
"1"," [811]"
"1"," 2016-01-02 19:00:00"
"1"," 2016-01-02 19:00:00"
"1"," 2016-01-02 19:00:00"
"1"," 2016-01-02 19:00:00"
"1"," 2016-01-02 19:00:00"
"1"," 2016-01-02 20:00:00"
"1","
"
"1"," [817]"
"1"," 2016-01-02 20:00:00"
"1"," 2016-01-02 20:00:00"
"1"," 2016-01-02 20:00:00"
"1"," 2016-01-02 20:00:00"
"1"," 2016-01-02 20:00:00"
"1"," 2016-01-02 20:00:00"
"1","
"
"1"," [823]"
"1"," 2016-01-02 20:00:00"
"1"," 2016-01-02 20:00:00"
"1"," 2016-01-02 20:00:00"
"1"," 2016-01-02 20:00:00"
"1"," 2016-01-02 20:00:00"
"1"," 2016-01-02 20:00:00"
"1","
"
"1"," [829]"
"1"," 2016-01-02 20:00:00"
"1"," 2016-01-02 20:00:00"
"1"," 2016-01-02 20:00:00"
"1"," 2016-01-02 20:00:00"
"1"," 2016-01-02 20:00:00"
"1"," 2016-01-02 20:00:00"
"1","
"
"1"," [835]"
"1"," 2016-01-02 20:00:00"
"1"," 2016-01-02 20:00:00"
"1"," 2016-01-02 20:00:00"
"1"," 2016-01-02 20:00:00"
"1"," 2016-01-02 20:00:00"
"1"," 2016-01-02 20:00:00"
"1","
"
"1"," [841]"
"1"," 2016-01-02 20:00:00"
"1"," 2016-01-02 20:00:00"
"1"," 2016-01-02 20:00:00"
"1"," 2016-01-02 20:00:00"
"1"," 2016-01-02 20:00:00"
"1"," 2016-01-02 20:00:00"
"1","
"
"1"," [847]"
"1"," 2016-01-02 20:00:00"
"1"," 2016-01-02 20:00:00"
"1"," 2016-01-02 20:00:00"
"1"," 2016-01-02 20:00:00"
"1"," 2016-01-02 20:00:00"
"1"," 2016-01-02 20:00:00"
"1","
"
"1"," [853]"
"1"," 2016-01-02 20:00:00"
"1"," 2016-01-02 20:00:00"
"1"," 2016-01-02 20:00:00"
"1"," 2016-01-02 20:00:00"
"1"," 2016-01-02 20:00:00"
"1"," 2016-01-02 20:00:00"
"1","
"
"1"," [859]"
"1"," 2016-01-02 20:00:00"
"1"," 2016-01-02 20:00:00"
"1"," 2016-01-02 20:00:00"
"1"," 2016-01-02 20:00:00"
"1"," 2016-01-02 20:00:00"
"1"," 2016-01-02 20:00:00"
"1","
"
"1"," [865]"
"1"," 2016-01-02 20:00:00"
"1"," 2016-01-02 20:00:00"
"1"," 2016-01-02 20:00:00"
"1"," 2016-01-02 20:00:00"
"1"," 2016-01-02 20:00:00"
"1"," 2016-01-02 20:00:00"
"1","
"
"1"," [871]"
"1"," 2016-01-02 20:00:00"
"1"," 2016-01-02 20:00:00"
"1"," 2016-01-02 20:00:00"
"1"," 2016-01-02 20:00:00"
"1"," 2016-01-02 20:00:00"
"1"," 2016-01-02 20:00:00"
"1","
"
"1"," [877]"
"1"," 2016-01-02 20:00:00"
"1"," 2016-01-02 20:00:00"
"1"," 2016-01-02 20:00:00"
"1"," 2016-01-02 21:00:00"
"1"," 2016-01-02 21:00:00"
"1"," 2016-01-02 21:00:00"
"1","
"
"1"," [883]"
"1"," 2016-01-02 21:00:00"
"1"," 2016-01-02 21:00:00"
"1"," 2016-01-02 21:00:00"
"1"," 2016-01-02 21:00:00"
"1"," 2016-01-02 21:00:00"
"1"," 2016-01-02 21:00:00"
"1","
"
"1"," [889]"
"1"," 2016-01-02 21:00:00"
"1"," 2016-01-02 21:00:00"
"1"," 2016-01-02 21:00:00"
"1"," 2016-01-02 21:00:00"
"1"," 2016-01-02 21:00:00"
"1"," 2016-01-02 21:00:00"
"1","
"
"1"," [895]"
"1"," 2016-01-02 21:00:00"
"1"," 2016-01-02 21:00:00"
"1"," 2016-01-02 21:00:00"
"1"," 2016-01-02 21:00:00"
"1"," 2016-01-02 22:00:00"
"1"," 2016-01-02 22:00:00"
"1","
"
"1"," [901]"
"1"," 2016-01-02 22:00:00"
"1"," 2016-01-02 22:00:00"
"1"," 2016-01-02 22:00:00"
"1"," 2016-01-02 22:00:00"
"1"," 2016-01-02 23:00:00"
"1"," 2016-01-02 23:00:00"
"1","
"
"1"," [907]"
"1"," 2016-01-02 23:00:00"
"1"," 2016-01-02 23:00:00"
"1"," 2016-01-03 00:00:00"
"1"," 2016-01-03 01:00:00"
"1"," 2016-01-03 01:00:00"
"1"," 2016-01-03 01:00:00"
"1","
"
"1"," [913]"
"1"," 2016-01-03 11:00:00"
"1"," 2016-01-03 11:00:00"
"1"," 2016-01-03 11:00:00"
"1"," 2016-01-03 11:00:00"
"1"," 2016-01-03 11:00:00"
"1"," 2016-01-03 11:00:00"
"1","
"
"1"," [919]"
"1"," 2016-01-03 11:00:00"
"1"," 2016-01-03 11:00:00"
"1"," 2016-01-03 11:00:00"
"1"," 2016-01-03 11:00:00"
"1"," 2016-01-03 11:00:00"
"1"," 2016-01-03 11:00:00"
"1","
"
"1"," [925]"
"1"," 2016-01-03 11:00:00"
"1"," 2016-01-03 11:00:00"
"1"," 2016-01-03 11:00:00"
"1"," 2016-01-03 11:00:00"
"1"," 2016-01-03 11:00:00"
"1"," 2016-01-03 11:00:00"
"1","
"
"1"," [931]"
"1"," 2016-01-03 11:00:00"
"1"," 2016-01-03 12:00:00"
"1"," 2016-01-03 12:00:00"
"1"," 2016-01-03 12:00:00"
"1"," 2016-01-03 12:00:00"
"1"," 2016-01-03 12:00:00"
"1","
"
"1"," [937]"
"1"," 2016-01-03 12:00:00"
"1"," 2016-01-03 12:00:00"
"1"," 2016-01-03 12:00:00"
"1"," 2016-01-03 12:00:00"
"1"," 2016-01-03 12:00:00"
"1"," 2016-01-03 12:00:00"
"1","
"
"1"," [943]"
"1"," 2016-01-03 12:00:00"
"1"," 2016-01-03 12:00:00"
"1"," 2016-01-03 12:00:00"
"1"," 2016-01-03 12:00:00"
"1"," 2016-01-03 12:00:00"
"1"," 2016-01-03 12:00:00"
"1","
"
"1"," [949]"
"1"," 2016-01-03 12:00:00"
"1"," 2016-01-03 12:00:00"
"1"," 2016-01-03 12:00:00"
"1"," 2016-01-03 12:00:00"
"1"," 2016-01-03 12:00:00"
"1"," 2016-01-03 12:00:00"
"1","
"
"1"," [955]"
"1"," 2016-01-03 12:00:00"
"1"," 2016-01-03 12:00:00"
"1"," 2016-01-03 12:00:00"
"1"," 2016-01-03 12:00:00"
"1"," 2016-01-03 12:00:00"
"1"," 2016-01-03 12:00:00"
"1","
"
"1"," [961]"
"1"," 2016-01-03 12:00:00"
"1"," 2016-01-03 12:00:00"
"1"," 2016-01-03 12:00:00"
"1"," 2016-01-03 12:00:00"
"1"," 2016-01-03 12:00:00"
"1"," 2016-01-03 13:00:00"
"1","
"
"1"," [967]"
"1"," 2016-01-03 13:00:00"
"1"," 2016-01-03 13:00:00"
"1"," 2016-01-03 13:00:00"
"1"," 2016-01-03 13:00:00"
"1"," 2016-01-03 13:00:00"
"1"," 2016-01-03 13:00:00"
"1","
"
"1"," [973]"
"1"," 2016-01-03 13:00:00"
"1"," 2016-01-03 13:00:00"
"1"," 2016-01-03 13:00:00"
"1"," 2016-01-03 13:00:00"
"1"," 2016-01-03 13:00:00"
"1"," 2016-01-03 13:00:00"
"1","
"
"1"," [979]"
"1"," 2016-01-03 13:00:00"
"1"," 2016-01-03 13:00:00"
"1"," 2016-01-03 13:00:00"
"1"," 2016-01-03 13:00:00"
"1"," 2016-01-03 13:00:00"
"1"," 2016-01-03 14:00:00"
"1","
"
"1"," [985]"
"1"," 2016-01-03 14:00:00"
"1"," 2016-01-03 14:00:00"
"1"," 2016-01-03 14:00:00"
"1"," 2016-01-03 14:00:00"
"1"," 2016-01-03 14:00:00"
"1"," 2016-01-03 15:00:00"
"1","
"
"1"," [991]"
"1"," 2016-01-03 15:00:00"
"1"," 2016-01-03 15:00:00"
"1"," 2016-01-03 15:00:00"
"1"," 2016-01-03 15:00:00"
"1"," 2016-01-03 16:00:00"
"1"," 2016-01-03 16:00:00"
"1","
"
"1"," [997]"
"1"," 2016-01-03 16:00:00"
"1"," 2016-01-03 16:00:00"
"1"," 2016-01-03 16:00:00"
"1"," 2016-01-03 16:00:00"
"1","
"
"1"," [ reached getOption(""max.print"") -- omitted 1999320 entries ]
"
"1","9847 "
"1","Levels: "
"1","2016-01-01 11:00:00 2016-01-01 13:00:00 2016-01-01 16:00:00 2016-01-01 17:00:00 ... 2017-05-31 23:00:00"
"1","
"
"0","date_info <- date_info %>%"
"0","  mutate(calendar_date = date(calendar_date))"
"0","date_info # Data on holidays goes from 1/1/2016 to 31/5/2017"
